instancia,n,m,K,algoritmo,f_obtido,melhor_conhecido,gap_percent,tempo_s
BarabasiAlbert_n500m1,500,499,50,ingenuo,199,195,2.05,2.586
BarabasiAlbert_n1000m1,1000,999,75,ingenuo,559,558,0.18,14.745
BarabasiAlbert_n2500m1,2500,2499,100,ingenuo,3726,3704,0.59,105.179
BarabasiAlbert_n5000m1,5000,4999,150,ingenuo,10216,10196,0.20,617.731
ErdosRenyi_n250,235,350,50,ingenuo,3889,295,1218.31,0.400
ErdosRenyi_n500,466,700,80,ingenuo,28520,1524,1771.39,2.545
ErdosRenyi_n1000,941,1400,140,ingenuo,124426,5012,2382.56,19.379
ErdosRenyi_n2500,2344,3500,200,ingenuo,1393897,902498,54.45,169.572
ForestFire_n250,250,514,50,ingenuo,210,194,8.25,0.403
ForestFire_n500,500,828,110,ingenuo,277,257,7.78,3.736
ForestFire_n1000,1000,1817,150,ingenuo,1388,1260,10.16,23.297
ForestFire_n2000,2000,3413,200,ingenuo,4873,4545,7.22,125.944
WattsStrogatz_n250,250,1246,70,ingenuo,16110,3083,422.54,0.726
WattsStrogatz_n500,500,1496,125,ingenuo,69378,2072,3248.36,3.380
WattsStrogatz_n1000,1000,4996,200,ingenuo,319600,109807,191.06,34.340
WattsStrogatz_n1500,1500,4498,265,ingenuo,760761,13098,5708.22,85.593
